frame_id,capture_time,processing_ms,detection_ok,detection_count,changed_pixel_ratio,compensation_mode,compensation_ok,inlier_ratio,overlap_ratio,track_id,visible,prediction_only,measured_x,measured_y,filtered_x,filtered_y,predicted_x,predicted_y,center_error_x,center_error_y,velocity_x,velocity_y,miss_count,confidence,pan,tilt,zoom,command_reason,captured,sharpness
0,261.843000,5.237,0,0,0.000000,none,0,,,,0,0,,,,,,,,,0.0,0.0,0,0.0,0,0,0,lost,0,0.0
1,261.909667,14.681,1,1,0.013316,identity,1,,1.0,1,1,0,52.0,171.0,52.0,171.0,52.0,171.0,-268.0,-9.0,0.0,0.0,0,0.8672962962962963,-20,0,0,tracking,0,0.0
2,261.976333,4.873,1,1,0.013607,identity,1,,1.0,1,1,0,55.0,174.5,54.20846939086914,173.57655334472656,54.234859023094174,173.60734124988318,-265.76514097690585,-6.392658750116823,0.14660906791687012,0.17104391753673553,0,0.909471473076905,-20,0,0,tracking,0,0.0
3,262.043000,2.357,1,1,0.013607,identity,1,,1.0,1,1,0,58.0,178.5,55.845130920410156,175.70108032226562,55.96211387872696,175.84953806996344,-264.03788612127306,-4.150461930036556,0.6499053239822388,0.8247652649879456,0,0.9008621482546885,-20,0,0,tracking,0,0.0
4,262.109667,2.351,1,1,0.013611,identity,1,,1.0,1,1,0,61.0,182.5,57.49922561645508,177.8812255859375,57.815193979740144,178.29221588134766,-262.1848060202599,-1.7077841186523415,1.7553797960281372,2.2832794189453125,0,0.8886317469548488,-20,0,0,tracking,0,0.0
5,262.176333,2.283,1,1,0.013316,identity,1,,1.0,1,1,0,64.0,186.0,59.29166030883789,180.124267578125,59.94195604801178,180.95247913360595,-260.0580439519882,0.9524791336059479,3.6127541065216064,4.601175308227539,0,0.8780815851283651,-20,0,0,tracking,0,0.0
6,262.243000,2.411,1,1,0.013611,identity,1,,1.0,1,1,0,67.0,189.5,61.31099319458008,182.59091186523438,62.43396827697754,183.9931746006012,-257.56603172302243,3.9931746006012077,6.238750457763672,7.790348529815674,0,0.8708348845829478,-20,0,0,tracking,0,0.0
7,262.309667,3.149,1,1,0.013299,identity,1,,1.0,1,1,0,70.0,193.0,63.615013122558594,185.36732482910156,65.32590919494629,187.47239336013794,-254.6740908050537,7.472393360137943,9.50497817993164,11.694825172424316,0,0.8634262371901229,-20,0,0,tracking,0,0.0
8,262.376333,2.902,1,1,0.013598,identity,1,,1.0,1,1,0,73.0,196.5,66.21932983398438,188.47830200195312,68.59089630126954,191.36496006011964,-251.40910369873046,11.364960060119643,13.175369262695312,16.036989212036133,0,0.8609565668620469,-20,0,0,tracking,0,0.0
9,262.443000,2.742,1,1,0.013312,identity,1,,1.0,1,1,0,76.0,200.0,69.0982666015625,191.89639282226562,72.15416046142577,195.58654697418214,-247.84583953857424,15.586546974182141,16.977188110351562,20.500856399536133,0,0.8589814043977491,-20,0,0,tracking,0,0.0
10,262.509667,2.716,1,1,0.013312,identity,1,,1.0,1,1,0,79.0,203.0,72.1983871459961,195.44845581054688,75.91893669128417,199.87654960632324,-244.08106330871584,19.876549606323238,20.669719696044922,24.600521087646484,0,0.8642137274261384,-20,-4,0,tracking,0,0.0
11,262.576333,2.921,1,1,0.013316,identity,1,,1.0,1,1,0,82.0,206.0,75.45629119873047,199.07728576660156,79.79134693145753,204.15547733306886,-240.20865306854247,24.15547733306886,24.083642959594727,28.212175369262695,0,0.8687995258600043,-20,-5,0,tracking,0,0.0
12,262.643000,2.625,1,1,0.013316,identity,1,,1.0,1,1,0,85.0,209.0,78.81275939941406,202.7318878173828,83.69567207336426,208.36509769439698,-236.30432792663572,28.36509769439698,27.12729263305664,31.295610427856445,0,0.8740148176022717,-20,-6,0,tracking,0,0.0
13,262.709667,3.578,1,1,0.013056,identity,1,,1.0,1,1,0,88.0,211.5,82.22013854980469,206.26612854003906,87.5790905380249,212.3304093170166,-232.4209094619751,32.3304093170166,29.771955490112305,33.69044876098633,0,0.878555903141267,-20,-6,0,tracking,0,0.0
14,262.776333,2.155,1,1,0.013051,identity,1,,1.0,1,1,0,91.0,213.5,85.64405059814453,209.5685272216797,91.40955200195313,215.9312310028076,-228.59044799804687,35.93123100280761,32.03056335449219,35.34835433959961,0,0.8867897480295758,-20,-7,0,tracking,0,0.0
15,262.843000,3.039,1,1,0.013051,identity,1,,1.0,1,1,0,94.0,215.5,89.06188201904297,212.662109375,95.17084281921387,219.22219627380372,-224.82915718078613,39.22219627380372,33.93867111206055,36.44492721557617,0,0.8935852135793526,-20,-8,0,tracking,0,0.0
16,262.909667,2.319,1,1,0.013069,identity,1,,1.0,1,1,0,97.0,217.5,92.4600830078125,215.57362365722656,98.85745071411132,222.25608657836915,-221.14254928588866,42.25608657836915,35.540931701660156,37.124794006347656,0,0.9010250158904246,-20,-8,0,tracking,0,0.0
17,262.976333,2.184,1,1,0.013077,identity,1,,1.0,1,1,0,100.0,219.5,95.83147430419922,218.3298797607422,102.47039634704589,225.08014755249025,-217.5296036529541,45.080147552490246,36.88290023803711,37.501487731933594,0,0.9053871462058728,-20,-9,0,tracking,0,0.0
18,263.043000,2.247,1,1,0.012847,identity,1,,1.0,1,1,0,103.0,221.0,99.17308807373047,220.86184692382812,106.01429931640625,227.61941719055176,-213.98570068359373,47.61941719055176,38.00672912597656,37.542057037353516,0,0.9063683437208507,-20,-9,0,tracking,0,0.0
19,263.109667,2.319,1,1,0.012847,identity,1,,1.0,1,1,0,106.0,222.0,102.48455047607422,223.11744689941406,109.49543937683106,229.82108184814453,-210.50456062316894,49.82108184814453,38.94938278198242,37.24241638183594,0,0.907494627633531,-20,-10,0,tracking,0,0.0
20,263.176333,2.361,1,1,0.012843,identity,1,,1.0,1,1,0,109.0,223.0,105.76699829101562,225.1452178955078,112.92060577392579,231.7541534423828,-207.0793942260742,51.7541534423828,39.74226379394531,36.71630859375,0,0.9063925059241725,-20,-10,0,tracking,0,0.0
21,263.243000,2.539,1,1,0.011957,identity,1,,1.0,1,1,0,112.0,224.0,109.02236938476562,226.98548889160156,116.29644607543945,233.47363800048828,-203.70355392456054,53.47363800048828,40.411537170410156,36.04527282714844,0,0.8962964225714002,-20,-10,0,tracking,0,0.0
22,263.309667,3.043,1,1,0.011962,identity,1,,1.0,1,1,0,115.0,224.0,112.25294494628906,228.50811767578125,119.62911964416504,234.82871704101564,-200.37088035583497,54.828717041015636,40.9787483215332,35.11444091796875,0,0.8915105708135269,-20,-11,0,tracking,0,0.0
23,263.376333,2.156,1,1,0.011970,identity,1,,1.0,1,1,0,118.0,224.0,115.46109771728516,229.76727294921875,122.92417358398437,235.89047065734863,-197.07582641601562,55.89047065734863,41.46153259277344,34.017765045166016,0,0.8871088611563248,-20,-11,0,tracking,0,0.0
24,263.443000,3.013,1,1,0.011970,identity,1,,1.0,1,1,0,121.0,224.0,118.64912414550781,230.8075408935547,126.18649642944337,236.7155947113037,-193.81350357055663,56.71559471130371,41.874290466308594,32.8225212097168,0,0.8815980641574946,-20,-11,0,tracking,0,0.0
25,263.509667,2.373,1,1,0.011970,identity,1,,1.0,1,1,0,124.0,224.0,121.81917572021484,231.66552734375,129.42035316467286,237.3493083190918,-190.57964683532714,57.34930831909179,42.228763580322266,31.576560974121094,0,0.8769834476924884,-20,-11,0,tracking,0,0.0
26,263.576333,2.760,1,1,0.012830,identity,1,,1.0,1,1,0,127.0,223.0,124.97322082519531,232.2280731201172,132.62943771362305,237.66125492095946,-187.37056228637695,57.661254920959465,42.53453826904297,30.184343338012695,0,0.8720331636953271,-20,-11,0,tracking,0,0.0
27,263.643000,2.613,1,1,0.012847,identity,1,,1.0,1,1,0,130.0,222.0,128.11302185058594,232.54116821289062,135.81692489624024,237.707960395813,-184.18307510375976,57.70796039581299,42.799461364746094,28.70440101623535,0,0.8645219726160152,-20,-11,0,tracking,0,0.0
28,263.709667,3.107,1,1,0.013069,identity,1,,1.0,1,1,0,133.0,220.5,131.24017333984375,232.57569885253906,138.98556831359863,237.45777896881103,-181.01443168640137,57.45777896881103,43.029972076416016,27.12266731262207,0,0.8542599649342562,-20,-11,0,tracking,0,0.0
29,263.776333,2.886,1,1,0.012847,identity,1,,1.0,1,1,0,136.0,219.0,134.35604858398438,232.3728790283203,142.13769569396973,236.96006412506102,-177.86230430603027,56.960064125061024,43.23137283325195,25.48436164855957,0,0.8498169525338466,-19,-11,0,tracking,0,0.0
30,263.843000,3.070,1,1,0.013073,identity,1,,1.0,1,1,0,139.0,217.5,137.46189880371094,231.96719360351562,145.2753465270996,236.25526767730713,-174.7246534729004,56.25526767730713,43.408042907714844,23.822633743286133,0,0.8423006423401029,-19,-11,0,tracking,0,0.0
31,263.909667,2.570,1,1,0.013069,identity,1,,1.0,1,1,0,142.0,215.5,140.55880737304688,231.32582092285156,148.40025787353517,235.30639179229738,-171.59974212646483,55.306391792297376,43.56361389160156,22.114282608032227,0,0.8343379806930659,-19,-11,0,tracking,0,0.0
32,263.976333,3.278,1,1,0.013290,identity,1,,1.0,1,1,0,145.0,213.0,143.64772033691406,230.42092895507812,151.51392166137694,234.0826439666748,-168.48607833862306,54.082643966674794,43.70111846923828,20.34286117553711,0,0.8237439035993002,-18,-11,0,tracking,0,0.0
33,264.043000,2.353,1,1,0.013051,identity,1,,1.0,1,1,0,148.0,210.5,146.7294921875,229.287353515625,154.61764762878417,232.624426651001,-165.38235237121583,52.62442665100099,43.82308578491211,18.539295196533203,0,0.8187941402750714,-18,-10,0,tracking,0,0.0
34,264.109667,2.192,1,1,0.013316,identity,1,,1.0,1,1,0,151.0,208.0,149.80487060546875,227.9547119140625,157.71256591796876,230.96553436279297,-162.28743408203124,50.965534362792965,43.931640625,16.726791381835938,0,0.8111419170066169,-18,-10,0,tracking,0,0.0
35,264.176333,2.444,1,1,0.013299,identity,1,,1.0,1,1,0,154.0,205.0,152.87449645996094,226.39260864257812,160.79964012145996,229.07179401397704,-159.20035987854004,49.07179401397704,44.0285758972168,14.884363174438477,0,0.80269209902499,-17,-10,0,tracking,0,0.0
36,264.243000,2.306,1,1,0.013316,identity,1,,1.0,1,1,0,157.0,202.0,155.93894958496094,224.62904357910156,163.8797219848633,226.97490924835205,-156.1202780151367,46.97490924835205,44.11540222167969,13.032587051391602,0,0.7957091177982752,-17,-9,0,tracking,0,0.0
37,264.309667,2.295,1,1,0.013316,identity,1,,1.0,1,1,0,160.0,199.0,158.99874877929688,222.6880340576172,166.953563079834,224.7017004585266,-153.046436920166,44.7017004585266,44.19341278076172,11.18703556060791,0,0.7897034054491164,-17,-9,0,tracking,0,0.0
38,264.376333,2.247,1,1,0.013307,identity,1,,1.0,1,1,0,163.0,196.0,162.05433654785156,220.5902862548828,170.02180229187013,222.2749754714966,-149.97819770812987,42.27497547149659,44.26369857788086,9.359384536743164,0,0.7864568667335865,-16,-8,0,tracking,0,0.0
39,264.443000,2.465,1,1,0.013611,identity,1,,1.0,1,1,0,166.0,192.5,165.10610961914062,218.30296325683594,173.08500595092772,219.65770754814147,-146.91499404907228,39.657707548141474,44.32720184326172,7.526357173919678,0,0.7788397774018876,-16,-8,0,tracking,0,0.0
40,264.509667,2.567,1,1,0.013307,identity,1,,1.0,1,1,0,169.0,189.0,168.15443420410156,215.84678649902344,176.143684463501,216.8727922153473,-143.856315536499,36.87279221534729,44.38472366333008,5.700031757354736,0,0.7736443876187987,-16,-7,0,tracking,0,0.0
41,264.576333,2.586,1,1,0.013611,identity,1,,1.0,1,1,0,172.0,185.5,171.19960021972656,213.2398223876953,179.19825340270995,213.93995717525482,-140.80174659729005,33.93995717525482,44.43696212768555,3.8896377086639404,0,0.7679625410694821,-15,-7,0,tracking,0,0.0
42,264.643000,2.258,1,1,0.013611,identity,1,,1.0,1,1,0,175.0,181.5,174.24191284179688,210.45013427734375,182.24912506103516,210.82341387271882,-137.75087493896484,30.823413872718817,44.48451232910156,2.07377552986145,0,0.7610805562787152,-15,-6,0,tracking,0,0.0
43,264.709667,2.300,1,1,0.013611,identity,1,,1.0,1,1,0,178.0,177.5,177.2816162109375,207.49603271484375,185.29663764953614,207.54325615882874,-134.70336235046386,27.54325615882874,44.527896881103516,0.26235246658325195,0,0.7551884830263422,-15,-5,0,tracking,0,0.0
44,264.776333,2.451,1,1,0.013611,identity,1,,1.0,1,1,0,181.0,173.5,180.3189239501953,204.3936309814453,188.3410851287842,204.116989402771,-131.6589148712158,24.116989402770997,44.567562103271484,-1.5368976593017578,0,0.7520272631307027,-14,-5,0,tracking,0,0.0
45,264.843000,2.691,1,1,0.013299,identity,1,,1.0,1,1,0,184.0,170.0,183.3540496826172,201.20211791992188,191.382752532959,200.60948770046235,-128.617247467041,20.609487700462353,44.603904724121094,-3.2923901081085205,0,0.7474841536934652,-14,-4,0,tracking,0,0.0
46,264.909667,2.400,1,1,0.013607,identity,1,,1.0,1,1,0,187.0,166.5,186.3871612548828,197.93002319335938,194.42186950683595,197.02940589904784,-125.57813049316405,17.029405899047845,44.63726806640625,-5.003429412841797,0,0.7494680407538176,-14,0,0,tracking,0,0.0
47,264.976333,2.653,1,1,0.013611,identity,1,,1.0,1,1,0,190.0,162.5,189.41842651367188,194.54132080078125,197.45865814208983,193.3364120864868,-122.54134185791017,13.336412086486803,44.66795349121094,-6.693937301635742,0,0.746174756493833,-13,0,0,tracking,0,0.0
48,265.043000,2.255,1,1,0.013594,identity,1,,1.0,1,1,0,193.0,158.5,192.447998046875,191.04632568359375,200.49331840515137,189.54139957427978,-119.50668159484863,9.54139957427978,44.696224212646484,-8.360700607299805,0,0.743367518042964,-13,0,0,tracking,0,0.0
49,265.109667,2.120,1,1,0.013611,identity,1,,1.0,1,1,0,196.0,154.5,195.4759979248047,187.45419311523438,203.52601425170897,185.65395776748656,-116.47398574829103,5.65395776748656,44.722312927246094,-10.001307487487793,0,0.7413471243955284,-13,0,0,tracking,0,0.0
50,265.176333,2.155,1,1,0.013316,identity,1,,1.0,1,1,0,199.0,151.0,198.50254821777344,183.8146514892578,206.5569041442871,181.7281335449219,-113.4430958557129,1.7281335449218886,44.746421813964844,-11.591766357421875,0,0.7395079581922792,-12,0,0,tracking,0,0.0
51,265.243000,2.987,1,1,0.013611,identity,1,,1.0,1,1,0,202.0,147.5,201.5277557373047,180.13177490234375,209.58612854003906,177.7677012825012,-110.41387145996094,-2.232298717498793,44.76873779296875,-13.133742332458496,0,0.7437733043781783,-12,0,0,tracking,0,0.0
52,265.309667,2.619,1,1,0.013316,identity,1,,1.0,1,1,0,205.0,144.0,204.55172729492188,176.40921020507812,212.6138224029541,173.77600553512573,-107.3861775970459,-6.223994464874266,44.7894172668457,-14.628914833068848,0,0.7423895673631881,-12,0,0,tracking,0,0.0
53,265.376333,2.120,1,1,0.013598,identity,1,,1.0,1,1,0,208.0,140.5,207.57452392578125,172.65023803710938,215.64007286071777,169.75602687835692,-104.35992713928223,-10.24397312164308,44.8086051940918,-16.078950881958008,0,0.7469872547187941,-11,0,0,tracking,0,0.0
54,265.443000,2.102,1,1,0.013299,identity,1,,1.0,1,1,0,211.0,137.0,210.59625244140625,168.8578338623047,218.66501007080078,165.71044689178467,-101.33498992919922,-14.28955310821533,44.82643127441406,-17.485483169555664,0,0.7459535697271011,-11,0,0,tracking,0,0.0
55,265.509667,2.612,1,1,0.013316,identity,1,,1.0,1,1,0,214.0,134.0,213.61695861816406,165.0735321044922,221.68869972229004,161.6841067123413,-98.31130027770996,-18.315893287658696,44.8430061340332,-18.830141067504883,0,0.7527092730776551,-11,4,0,tracking,0,0.0
56,265.576333,2.160,1,1,0.013299,identity,1,,1.0,1,1,0,217.0,131.0,216.63671875,161.297119140625,224.71123664855958,157.67610778808594,-95.28876335144042,-22.323892211914057,44.85843276977539,-20.116729736328125,0,0.7573331284662372,-10,4,0,tracking,0,0.0
57,265.643000,2.170,1,1,0.013060,identity,1,,1.0,1,1,0,220.0,128.5,219.65560913085938,157.5663604736328,227.73271362304686,153.72706073760986,-92.26728637695314,-26.27293926239014,44.872802734375,-21.329442977905273,0,0.7621053325984045,-10,5,0,tracking,0,0.0
58,265.709667,2.192,1,1,0.013316,identity,1,,1.0,1,1,0,223.0,126.0,222.67364501953125,153.87863159179688,230.75316032409668,149.83339588165282,-89.24683967590332,-30.16660411834718,44.88619613647461,-22.47353172302246,0,0.7719289012721707,-10,6,0,tracking,0,0.0
59,265.776333,2.202,1,1,0.013073,identity,1,,1.0,1,1,0,226.0,123.5,225.69090270996094,150.23153686523438,233.77266609191895,145.99186408996582,-86.22733390808105,-34.008135910034184,44.898685455322266,-23.55373764038086,0,0.7761421536174336,-9,7,0,tracking,0,0.0
60,265.843000,2.356,1,1,0.013898,identity,1,,1.0,1,1,0,229.5,121.5,228.7442626953125,146.6597442626953,236.83144439697264,142.23968284606934,-83.16855560302736,-37.76031715393066,44.92878723144531,-24.555896759033203,0,0.7887253606363976,-9,7,0,tracking,0,0.0
61,265.909667,2.277,1,1,0.012830,identity,1,,1.0,1,1,0,233.0,120.0,231.83155822753906,143.19558715820312,239.92700576782227,138.61143291473388,-80.07299423217773,-41.38856708526612,44.974708557128906,-25.4675235748291,0,0.7942105241023334,-9,8,0,tracking,0,0.0
62,265.976333,2.292,1,1,0.013069,identity,1,,1.0,1,1,0,236.0,118.5,234.91458129882812,139.83306884765625,243.01761283874512,135.09986377716064,-76.98238716125488,-44.900136222839365,45.016841888427734,-26.295583724975586,0,0.809688239651415,-8,9,0,tracking,0,0.0
63,266.043000,2.095,1,1,0.012843,identity,1,,1.0,1,1,0,239.0,117.0,237.99354553222656,136.5666961669922,246.10352867126466,131.6983486175537,-73.89647132873534,-48.301651382446295,45.05546188354492,-27.046375274658203,0,0.8175328759433125,-8,9,0,tracking,0,0.0
64,266.109667,2.476,1,1,0.012847,identity,1,,1.0,1,1,0,242.0,116.0,241.06866455078125,133.42706298828125,249.18501220703126,128.43962741851806,-70.81498779296874,-51.56037258148194,45.0908203125,-27.707975387573242,0,0.8301143768811612,-8,10,0,tracking,0,0.0
65,266.176333,2.956,1,1,0.012847,identity,1,,1.0,1,1,0,245.0,115.0,244.14015197753906,130.40756225585938,252.26231758117675,125.31586986541748,-67.73768241882325,-54.68413013458252,45.12314224243164,-28.287179946899414,0,0.841948295247412,-7,11,0,tracking,0,0.0
66,266.243000,2.072,1,1,0.011940,identity,1,,1.0,1,1,0,248.0,115.0,247.20816040039062,127.57231140136719,255.33563583374024,122.39631439208985,-64.66436416625976,-57.60368560791015,45.15264129638672,-28.755538940429688,0,0.8521582237862858,-7,11,0,tracking,0,0.0
67,266.309667,2.154,1,1,0.011970,identity,1,,1.0,1,1,0,251.0,115.0,250.27285766601562,124.9120101928711,258.40516845703127,119.67009830474854,-61.594831542968734,-60.329901695251465,45.17950439453125,-29.121732711791992,0,0.867876895794933,-7,12,0,tracking,0,0.0
68,266.376333,2.214,1,1,0.011970,identity,1,,1.0,1,1,0,254.0,115.0,253.3343963623047,122.4179916381836,261.4710996246338,117.12712467193603,-58.52890037536622,-62.87287532806397,45.20390701293945,-29.393705368041992,0,0.8842964963210738,-6,12,0,tracking,0,0.0
69,266.443000,2.346,1,1,0.011970,identity,1,,1.0,1,1,0,257.0,115.0,256.3929443359375,120.08219146728516,264.53362602233886,114.75801738739014,-55.466373977661135,-65.24198261260986,45.226009368896484,-29.578744888305664,0,0.8978672183064618,-6,13,0,tracking,0,0.0
70,266.509667,2.168,1,1,0.012847,identity,1,,1.0,1,1,0,260.0,115.0,259.4486083984375,117.89706420898438,267.59288124084475,112.5540238571167,-52.40711875915525,-67.4459761428833,45.2459602355957,-29.683557510375977,0,0.9147280736050353,-6,13,0,tracking,0,0.0
71,266.576333,2.403,1,1,0.012847,identity,1,,1.0,1,1,0,263.0,116.0,262.5014953613281,115.92374420166016,270.64899612426757,110.5811975479126,-49.35100387573243,-69.4188024520874,45.263893127441406,-29.680814743041992,0,0.9289461892499562,-5,13,0,tracking,0,0.0
72,266.643000,2.542,1,1,0.012847,identity,1,,1.0,1,1,0,266.0,117.0,265.5517272949219,114.15238952636719,273.7021154022217,108.82818420410156,-46.29788459777831,-71.17181579589844,45.27993392944336,-29.57891845703125,0,0.9151262505308511,-5,14,0,tracking,0,0.0
73,266.709667,2.329,1,1,0.012843,identity,1,,1.0,1,1,0,269.0,118.0,268.59942626953125,112.57372283935547,276.7523824310303,107.28430263519287,-43.2476175689697,-72.71569736480713,45.2942008972168,-29.38566780090332,0,0.9002412438924121,-5,14,0,tracking,0,0.0
74,266.776333,2.643,1,1,0.013073,identity,1,,1.0,1,1,0,272.0,119.5,271.6446838378906,111.21263885498047,279.79990798950195,105.976118850708,-40.200092010498054,-74.023881149292,45.306800842285156,-29.091777801513672,0,0.8843976046812422,-4,14,0,tracking,0,0.0
75,266.843000,2.253,1,1,0.013069,identity,1,,1.0,1,1,0,275.0,121.5,274.6875915527344,110.09286499023438,282.8448021697998,104.92888118743896,-37.15519783020022,-75.07111881256104,45.31783676147461,-28.688798904418945,0,0.8662892007188698,-4,15,0,tracking,0,0.0
76,266.909667,2.805,1,1,0.013056,identity,1,,1.0,1,1,0,278.0,123.5,277.72821044921875,109.20364379882812,285.8871431732178,104.13025772094727,-34.112856826782206,-75.86974227905273,45.3274040222168,-28.18547821044922,0,0.8494616638093799,-4,15,0,tracking,0,0.0
77,266.976333,2.068,1,1,0.013056,identity,1,,1.0,1,1,0,281.0,125.5,280.76666259765625,108.53474426269531,288.92706954956054,103.56854148864745,-31.072930450439458,-76.43145851135255,45.335594177246094,-27.590015411376953,0,0.8339991905593094,-3,15,0,tracking,0,0.0
78,267.043000,2.142,1,1,0.013316,identity,1,,1.0,1,1,0,284.0,128.0,283.80303955078125,108.10956573486328,291.9646872711182,103.26868675231934,-28.03531272888182,-76.73131324768066,45.34248733520508,-26.89377212524414,0,0.8179562324495094,-3,15,0,tracking,0,0.0
79,267.109667,2.474,1,1,0.013299,identity,1,,1.0,1,1,0,287.0,131.0,286.83740234375,107.95047760009766,295.00007247924805,103.25447944641114,-24.999927520751953,-76.74552055358886,45.348167419433594,-26.088878631591797,0,0.7995458285012016,0,15,0,tracking,0,0.0
80,267.176333,2.276,1,1,0.013073,identity,1,,1.0,1,1,0,290.0,133.5,289.8698425292969,108.01283264160156,298.0333290863037,103.47669998168945,-21.966670913696305,-76.52330001831055,45.35270309448242,-25.20073699951172,0,0.7866324441122489,0,15,0,tracking,0,0.0
81,267.243000,2.148,1,1,0.013602,identity,1,,1.0,1,1,0,293.0,136.5,292.900390625,108.31970977783203,301.0645006561279,103.96000896453857,-18.935499343872095,-76.03999103546143,45.35616683959961,-24.22056007385254,0,0.7691463109827035,0,15,0,tracking,0,0.0
82,267.309667,2.397,1,1,0.013312,identity,1,,1.0,1,1,0,296.0,140.0,295.9291076660156,108.89317321777344,304.0936605834961,104.72791427612304,-15.906339416503897,-75.27208572387696,45.35862731933594,-23.14032745361328,0,0.754846069502971,0,15,0,tracking,0,0.0
83,267.376333,2.567,1,1,0.013299,identity,1,,1.0,1,1,0,299.0,143.0,298.9560852050781,109.68875122070312,307.1209120941162,105.73142433166504,-12.879087905883807,-74.26857566833496,45.36014938354492,-21.985149383544922,0,0.7420094132368349,0,14,0,tracking,0,0.0
84,267.443000,2.184,1,1,0.013576,identity,1,,1.0,1,1,0,302.0,146.5,301.9814147949219,110.7291259765625,310.14635772705077,106.99481811523438,-9.85364227294923,-73.00518188476562,45.36079406738281,-20.74615478515625,0,0.7269150450298534,0,14,0,tracking,0,0.0
85,267.509667,2.410,1,1,0.013303,identity,1,,1.0,1,1,0,305.0,150.0,305.0050964355469,112.00334930419922,313.1700077819824,108.5056965637207,-6.829992218017594,-71.4943034362793,45.360618591308594,-19.43140411376953,0,0.7149299718262723,0,14,0,tracking,0,0.0
86,267.576333,2.214,1,1,0.013607,identity,1,,1.0,1,1,0,308.0,153.5,308.0272521972656,113.50080108642578,316.19199394226075,110.25206214904784,-3.8080060577392487,-69.74793785095216,45.359676361083984,-18.04854965209961,0,0.7026506066233842,0,14,0,tracking,0,0.0
87,267.643000,2.312,1,1,0.013594,identity,1,,1.0,1,1,0,311.0,157.5,311.04791259765625,115.2437744140625,319.21235633850097,112.25780612945556,-0.7876436614990325,-67.74219387054444,45.3580207824707,-16.588712692260742,0,0.6895118054498909,0,13,0,tracking,0,0.0
88,267.709667,2.604,1,1,0.013594,identity,1,,1.0,1,1,0,314.0,161.5,314.0671081542969,117.22108459472656,322.2311351013184,114.510302028656,2.2311351013183867,-65.489697971344,45.35570526123047,-15.059903144836426,0,0.6778133013450768,0,13,0,tracking,0,0.0
89,267.776333,2.365,1,1,0.013611,identity,1,,1.0,1,1,0,317.0,165.5,317.08489990234375,119.42184448242188,325.2483995056152,116.9972919845581,5.248399505615225,-63.0027080154419,45.35277557373047,-13.469736099243164,0,0.6693624014362682,0,12,0,tracking,0,0.0
90,267.843000,2.152,1,1,0.013316,identity,1,,1.0,1,1,0,320.0,169.0,320.10137939453125,121.802978515625,328.26424934387205,119.67149387359619,8.264249343872052,-60.32850612640381,45.34927749633789,-11.841581344604492,0,0.65996586108836,0,12,0,tracking,0,0.0
91,267.909667,2.795,1,1,0.013611,identity,1,,1.0,1,1,0,323.0,172.5,323.1165771484375,124.35535430908203,331.2787233734131,122.52273281097412,11.278723373413072,-57.47726718902588,45.34525680541992,-10.181230545043945,0,0.6574261292123482,0,11,0,tracking,0,0.0
92,267.976333,2.097,1,1,0.013602,identity,1,,1.0,1,1,0,326.0,176.5,326.1305236816406,127.1025161743164,334.291859664917,125.57646661758423,14.291859664917013,-54.42353338241577,45.340755462646484,-8.478053092956543,0,0.650129160029287,0,11,0,tracking,0,0.0
93,268.043000,2.284,1,1,0.013611,identity,1,,1.0,1,1,0,329.0,180.5,329.143310546875,130.03468322753906,337.30375732421874,128.82178290367128,17.303757324218736,-51.17821709632872,45.3358154296875,-6.738335132598877,0,0.6440128731311643,0,10,0,tracking,0,0.0
94,268.109667,2.608,1,1,0.013611,identity,1,,1.0,1,1,0,332.0,184.5,332.15496826171875,133.142333984375,340.31445373535155,132.24808687210083,20.31445373535155,-47.75191312789917,45.330474853515625,-4.968039512634277,0,0.6388568382294917,0,9,0,tracking,0,0.0
95,268.176333,2.310,1,1,0.013307,identity,1,,1.0,1,1,0,335.0,188.0,335.1655578613281,136.3838348388672,343.32401611328123,135.80982618808747,23.324016113281232,-44.19017381191253,45.32476806640625,-3.188936948776245,0,0.6343820678531097,0,9,0,tracking,0,0.0
96,268.243000,2.226,1,1,0.013611,identity,1,,1.0,1,1,0,338.0,191.5,338.1750793457031,139.7512969970703,346.3324513244629,139.49834292888642,26.33245132446291,-40.501657071113584,45.31873321533203,-1.4053003787994385,0,0.6366127295243003,3,8,0,tracking,0,0.0
97,268.309667,2.350,1,1,0.013312,identity,1,,1.0,1,1,0,341.0,195.0,341.1836242675781,143.23707580566406,349.33985710144043,143.3052686738968,29.33985710144043,-36.69473132610321,45.31240463256836,0.3788492679595947,0,0.6335779374748267,3,7,0,tracking,0,0.0
98,268.376333,2.157,1,1,0.013316,identity,1,,1.0,1,1,0,344.0,198.0,344.19122314453125,146.80140686035156,352.34626945495603,147.18725769042967,32.34626945495603,-32.812742309570325,45.30581283569336,2.14361572265625,0,0.636881105911661,4,6,0,tracking,0,0.0
99,268.443000,2.286,1,1,0.013611,identity,1,,1.0,1,1,0,347.0,201.5,347.19793701171875,150.4705352783203,355.35175491333007,151.17301345825194,35.35175491333007,-28.826986541748056,45.298988342285156,3.9026565551757812,0,0.6389564429845811,4,6,0,tracking,0,0.0
100,268.509667,2.381,1,1,0.013073,identity,1,,1.0,1,1,0,350.0,204.5,350.20379638671875,154.2051544189453,358.35634948730467,155.21972499847413,38.35634948730467,-24.780275001525865,45.291961669921875,5.636503219604492,0,0.6394920926142695,4,5,0,tracking,0,0.0
101,268.576333,2.118,1,1,0.013303,identity,1,,1.0,1,1,0,353.0,207.0,353.2088317871094,157.96734619140625,361.36008918762207,159.28620321273803,41.360089187622066,-20.71379678726197,45.28476333618164,7.326983451843262,0,0.6511996157664597,5,4,0,tracking,0,0.0
102,268.643000,2.462,1,1,0.013281,identity,1,,1.0,1,1,0,356.0,210.0,356.2131042480469,161.78506469726562,364.36303916931155,163.4031616592407,44.36303916931155,-16.59683834075929,45.27741622924805,8.98942756652832,0,0.6557995801609569,5,0,0,tracking,0,0.0
103,268.709667,3.314,1,1,0.013077,identity,1,,1.0,1,1,0,359.0,212.5,359.2166442871094,165.6208038330078,367.3652347564697,167.52987936019898,47.365234756469704,-12.470120639801024,45.26994705200195,10.605975151062012,0,0.6611535072029615,5,0,0,tracking,0,0.0
104,268.776333,2.469,1,1,0.013077,identity,1,,1.0,1,1,0,362.0,214.5,362.2195129394531,169.43838500976562,370.366741104126,171.62718566894532,50.36674110412599,-8.372814331054684,45.26237869262695,12.160003662109375,0,0.6716806667275906,6,0,0,tracking,0,0.0
105,268.843000,2.476,1,1,0.013077,identity,1,,1.0,1,1,0,365.0,216.5,365.2217102050781,173.23516845703125,373.36756233215334,175.69256732940673,53.36756233215334,-4.307432670593272,45.25473403930664,13.652215957641602,0,0.6820869101649756,6,0,0,tracking,0,0.0
106,268.909667,2.796,1,1,0.013060,identity,1,,1.0,1,1,0,368.0,218.5,368.2232666015625,177.00872802734375,376.36773239135744,179.72373964309693,56.367732391357436,-0.27626035690306594,45.247032165527344,15.08339786529541,0,0.6941064337224692,6,0,0,tracking,0,0.0
107,268.976333,2.172,1,1,0.012847,identity,1,,1.0,1,1,0,371.0,220.0,371.2242736816406,180.7245635986328,379.3673469543457,183.6834529876709,59.36734695434569,3.683452987670904,45.239295959472656,16.438274383544922,0,0.7044692912347821,6,0,0,tracking,0,0.0
108,269.043000,2.234,1,1,0.012847,identity,1,,1.0,1,1,0,374.0,221.0,374.2247314453125,184.34942626953125,382.3664094543457,187.53591495513916,62.36640945434573,7.535914955139162,45.231544494628906,17.702714920043945,0,0.7196690839980041,7,0,0,tracking,0,0.0
109,269.109667,2.364,1,1,0.012847,identity,1,,1.0,1,1,0,377.0,222.0,377.22467041015625,187.88360595703125,385.3649531555176,191.28197422027588,65.36495315551758,11.281974220275885,45.223793029785156,18.879823684692383,0,0.7343433643678703,7,0,0,tracking,0,0.0
110,269.176333,2.446,1,1,0.012847,identity,1,,1.0,1,1,0,380.0,223.0,380.22412109375,191.32754516601562,388.363012008667,194.92262981414794,68.363012008667,14.922629814147939,45.216060638427734,19.972692489624023,0,0.7484949407974886,7,0,0,tracking,0,0.0
111,269.243000,2.398,1,1,0.011970,identity,1,,1.0,1,1,0,383.0,224.0,383.22314453125,194.6818389892578,391.36064979553225,198.45902992248534,71.36064979553225,18.459029922485342,45.2083625793457,20.984394073486328,0,0.7559796989410306,8,-4,0,tracking,0,0.0
112,269.309667,2.864,1,1,0.011970,identity,1,,1.0,1,1,0,386.0,224.0,386.22174072265625,197.88270568847656,394.3578685760498,201.82213069915773,74.35786857604978,21.822130699157725,45.20071029663086,21.88569450378418,0,0.7745135777720573,8,-4,0,tracking,0,0.0
113,269.376333,2.659,1,1,0.011970,identity,1,,1.0,1,1,0,389.0,224.0,389.2199401855469,200.93316650390625,397.3547016143799,205.01588413238525,77.3547016143799,25.015884132385253,45.193119049072266,22.681764602661133,0,0.7940722161876919,8,-5,0,tracking,0,0.0
114,269.443000,2.388,1,1,0.011970,identity,1,,1.0,1,1,0,392.0,224.0,392.2178039550781,203.8363800048828,400.35121269226073,208.0443606567383,80.35121269226073,28.04436065673829,45.185604095458984,23.377670288085938,0,0.8108822689549045,9,-5,0,tracking,0,0.0
115,269.509667,3.121,1,1,0.012839,identity,1,,1.0,1,1,0,395.0,223.0,395.2153015136719,206.53109741210938,403.34737266540526,210.8413920211792,83.34737266540526,30.84139202117919,45.17817306518555,23.946081161499023,0,0.8364521109943566,9,-6,0,tracking,0,0.0
116,269.576333,2.220,1,1,0.012847,identity,1,,1.0,1,1,0,398.0,222.0,398.2125244140625,209.02279663085938,406.34327514648436,213.41371509552002,86.34327514648436,33.41371509552002,45.17083740234375,24.393991470336914,0,0.8567250663270144,9,-6,0,tracking,0,0.0
117,269.643000,2.374,1,1,0.012847,identity,1,,1.0,1,1,0,401.0,221.0,401.2094421386719,211.3170928955078,409.33889167785645,215.76816974639894,89.33889167785645,35.76816974639894,45.16360855102539,24.72820472717285,0,0.8757971450717644,10,-7,0,tracking,0,0.0
118,269.709667,2.879,1,1,0.013077,identity,1,,1.0,1,1,0,404.0,219.5,404.20611572265625,213.38734436035156,412.33428466796875,217.8763985443115,92.33428466796875,37.87639854431151,45.156494140625,24.939189910888672,0,0.8952883571367644,10,-7,0,tracking,0,0.0
119,269.776333,2.418,1,1,0.012830,identity,1,,1.0,1,1,0,407.0,218.0,407.20257568359375,215.24034118652344,415.32948600769043,219.74654090881347,95.32948600769043,39.74654090881347,45.14950180053711,25.034442901611328,0,0.9176379843336323,10,-8,0,tracking,0,0.0
120,269.843000,2.896,1,1,0.013898,identity,1,,1.0,1,1,0,410.5,216.5,410.2311096191406,216.8828887939453,418.3596905517578,221.38670963287353,98.35969055175781,41.38670963287353,45.158782958984375,25.02122688293457,0,0.9294677597735291,11,-8,0,tracking,0,0.0
121,269.909667,2.262,1,1,0.013077,identity,1,,1.0,1,1,0,414.0,214.5,413.2906494140625,218.28952026367188,421.4236372375488,222.76979740142824,101.4236372375488,42.769797401428235,45.183265686035156,24.89042854309082,0,0.9102748354609361,11,-8,0,tracking,0,0.0
122,269.976333,2.049,1,1,0.013316,identity,1,,1.0,1,1,0,417.0,212.0,416.34783935546875,219.43588256835938,424.4848790740967,223.8699621963501,104.48487907409668,43.86996219635009,45.20577621459961,24.63377571105957,0,0.8882620705247657,11,-9,0,tracking,0,0.0
123,270.043000,1.930,1,1,0.013051,identity,1,,1.0,1,1,0,420.0,209.5,419.40277099609375,220.33091735839844,427.5435213470459,224.6977081298828,107.5435213470459,44.69770812988281,45.22639083862305,24.25994873046875,0,0.8714982146177572,12,-9,0,tracking,0,0.0
124,270.109667,2.302,1,1,0.013316,identity,1,,1.0,1,1,0,423.0,207.0,422.4554443359375,220.9835205078125,430.59957778930664,225.2634386062622,110.59957778930664,45.26343860626221,45.24518585205078,23.77732276916504,0,0.8523307256065101,12,-9,0,tracking,0,0.0
125,270.176333,2.294,1,1,0.013316,identity,1,,1.0,1,1,0,426.0,204.0,425.5058898925781,221.3703155517578,433.65309265136716,225.54232387542726,113.65309265136716,45.54232387542726,45.262237548828125,23.177824020385742,0,0.8327407103916302,12,-9,0,tracking,0,0.0
126,270.243000,2.147,1,1,0.013316,identity,1,,1.0,1,1,0,429.0,201.0,428.55413818359375,221.5011444091797,436.7041108703613,225.54579750061035,116.70411087036132,45.54579750061035,45.277626037597656,22.470294952392578,0,0.814624732030659,13,-9,0,tracking,0,0.0
127,270.309667,2.158,1,1,0.013611,identity,1,,1.0,1,1,0,432.0,197.5,431.6002197265625,221.35354614257812,439.75267601013184,225.25002388000487,119.75267601013184,45.250023880004875,45.29142379760742,21.647098541259766,0,0.796328743739751,13,-9,0,tracking,0,0.0
128,270.376333,2.258,1,1,0.013307,identity,1,,1.0,1,1,0,435.0,194.0,434.6441955566406,220.9382781982422,442.7988621520996,224.6674252319336,122.79886215209962,44.667425231933606,45.30370330810547,20.717483520507812,0,0.7791709809675585,13,-9,0,tracking,0,0.0
129,270.443000,2.496,1,1,0.013598,identity,1,,1.0,1,1,0,438.0,190.5,437.68609619140625,220.26597595214844,445.84271286010744,223.81023544311523,125.84271286010744,43.81023544311523,45.314537048339844,19.690330505371094,0,0.7620211274395822,14,-9,0,tracking,0,0.0
130,270.509667,2.226,1,1,0.013281,identity,1,,1.0,1,1,0,441.0,187.0,440.7259521484375,219.34715270996094,448.88427101135255,222.6905010986328,128.88427101135255,42.69050109863281,45.32399368286133,18.57415771484375,0,0.7476922090365821,14,-8,0,tracking,0,0.0
131,270.576333,1.936,1,1,0.013611,identity,1,,1.0,1,1,0,444.0,183.5,443.76385498046875,218.1921844482422,451.92364051818845,221.3200665664673,131.92364051818845,41.32006656646729,45.3321418762207,17.37712287902832,0,0.7335845077577361,14,-8,0,tracking,0,0.0
132,270.643000,2.996,1,1,0.013594,identity,1,,1.0,1,1,0,447.0,179.5,446.7998352050781,216.7790069580078,454.9608642578125,219.67536731719971,134.9608642578125,39.675367317199715,45.33905029296875,16.090890884399414,0,0.7184976380318596,15,-8,0,tracking,0,0.0
133,270.709667,2.097,1,1,0.013594,identity,1,,1.0,1,1,0,450.0,175.5,449.8338928222656,215.11871337890625,457.9959532165527,217.769033203125,137.99595321655272,37.76903320312499,45.34477996826172,14.7239990234375,0,0.7067946128824674,15,-7,0,tracking,0,0.0
134,270.776333,2.166,1,1,0.013607,identity,1,,1.0,1,1,0,453.0,171.5,452.8661193847656,213.2222442626953,461.0290113067627,215.61347282409668,141.0290113067627,35.613472824096675,45.34939956665039,13.284603118896484,0,0.6946981402730196,15,-7,0,tracking,0,0.0
135,270.843000,2.399,1,1,0.013316,identity,1,,1.0,1,1,0,456.0,168.0,455.89654541015625,211.132568359375,464.06008003234865,213.25596071243285,144.06008003234865,33.25596071243285,45.352970123291016,11.796624183654785,0,0.6836271580313452,16,-6,0,tracking,0,0.0
136,270.909667,2.670,1,1,0.013624,identity,1,,1.0,1,1,0,459.0,164.5,458.92523193359375,208.85914611816406,467.0892307281494,210.70709920883178,147.0892307281494,30.707099208831778,45.35554885864258,10.266406059265137,0,0.6795411795078865,16,-6,0,tracking,0,0.0
137,270.976333,2.034,1,1,0.013611,identity,1,,1.0,1,1,0,462.0,160.5,461.9522399902344,206.3789520263672,470.1165354156494,207.9420428466797,150.11653541564942,27.942042846679698,45.35719680786133,8.683837890625,0,0.6706590625219803,16,-5,0,tracking,0,0.0
138,271.043000,2.473,1,1,0.013611,identity,1,,1.0,1,1,0,465.0,156.5,464.97760009765625,203.70204162597656,473.14203491210935,204.9720692253113,153.14203491210935,24.972069225311287,45.35797119140625,7.055708885192871,0,0.6629984306827061,17,-5,0,tracking,0,0.0
139,271.109667,2.355,1,1,0.013602,identity,1,,1.0,1,1,0,468.0,152.5,468.0013732910156,200.83828735351562,476.16579986572265,201.80821146965027,156.16579986572265,21.808211469650274,45.35792541503906,5.388467311859131,0,0.6563645822409439,17,-4,0,tracking,0,0.0
140,271.176333,2.138,1,1,0.013307,identity,1,,1.0,1,1,0,471.0,149.0,471.02362060546875,197.82957458496094,479.1879009246826,198.49635921478273,159.1879009246826,18.49635921478273,45.357112884521484,3.7043590545654297,0,0.6505867087140582,17,-4,0,tracking,0,0.0
141,271.243000,1.996,1,1,0.013581,identity,1,,1.0,1,1,0,474.0,145.5,474.04437255859375,194.6842041015625,482.208377532959,195.04566159248353,162.208377532959,15.045661592483526,45.35558319091797,2.0080971717834473,0,0.6513295689019066,18,0,0,tracking,0,0.0
142,271.309667,1.974,1,1,0.013312,identity,1,,1.0,1,1,0,477.0,142.0,477.0636901855469,191.4102325439453,485.2272996520996,191.46497332930565,165.2272996520996,11.46497332930565,45.35338592529297,0.3041154742240906,0,0.6472529168466254,18,0,0,tracking,0,0.0
143,271.376333,2.375,1,1,0.013316,identity,1,,1.0,1,1,0,480.0,139.0,480.0816345214844,188.0477294921875,488.24473724365237,187.79801688432693,168.24473724365237,7.798016884326927,45.35057067871094,-1.3872922658920288,0,0.6493798941508737,18,0,0,tracking,0,0.0
144,271.443000,2.241,1,1,0.013307,identity,1,,1.0,1,1,0,483.0,136.0,483.0982360839844,184.6031951904297,491.2607290649414,184.05180108070374,171.26072906494142,4.05180108070374,45.34718322753906,-3.063300609588623,0,0.6537418428203364,19,0,0,tracking,0,0.0
145,271.509667,2.061,1,1,0.013316,identity,1,,1.0,1,1,0,486.0,133.0,486.113525390625,181.0828857421875,494.275313873291,180.23305171966553,174.275313873291,0.23305171966552507,45.34326934814453,-4.72130012512207,0,0.6568103501123774,19,0,0,tracking,0,0.0
146,271.576333,1.928,1,1,0.013281,identity,1,,1.0,1,1,0,489.0,130.0,489.12762451171875,177.4927978515625,497.28862129211427,176.34819772720337,177.28862129211427,-3.6518022727966297,45.338871002197266,-6.358889579772949,0,0.6600049836422706,19,0,0,tracking,0,0.0
147,271.643000,2.197,1,1,0.013077,identity,1,,1.0,1,1,0,492.0,127.5,492.1405029296875,173.87098693847656,500.30062767028807,172.43859394073488,180.30062767028807,-7.561406059265124,45.33402633666992,-7.957738876342773,0,0.6641168341222833,20,0,0,tracking,0,0.0
148,271.709667,2.441,1,1,0.013316,identity,1,,1.0,1,1,0,495.0,125.0,495.15228271484375,170.22189331054688,503.3114626312256,168.50884906768798,183.3114626312256,-11.491150932312024,45.32877731323242,-9.516912460327148,0,0.673376528632389,20,0,0,tracking,0,0.0
149,271.776333,2.374,1,1,0.013073,identity,1,,1.0,1,1,0,498.0,122.5,498.1629638671875,166.54974365234375,506.32113235473633,164.5633315849304,186.32113235473633,-15.43666841506959,45.323158264160156,-11.035622596740723,0,0.6775294463252961,20,0,0,tracking,0,0.0
150,271.843000,2.216,1,1,0.013073,identity,1,,1.0,1,1,0,501.0,120.5,501.172607421875,162.89080810546875,509.32970474243166,160.64133184432984,189.32970474243166,-19.35866815567016,45.31720733642578,-12.497090339660645,0,0.6871350287192257,20,4,0,tracking,0,0.0
151,271.909667,2.771,1,1,0.012847,identity,1,,1.0,1,1,0,504.0,119.0,504.1812438964844,159.28004455566406,512.3372164916992,156.78061044692993,192.33721649169922,-23.219389553070073,45.31095886230469,-13.88574504852295,0,0.6968037892329157,20,5,0,tracking,0,0.0
152,271.976333,2.323,1,1,0.013077,identity,1,,1.0,1,1,0,507.0,117.5,507.1889343261719,155.71888732910156,515.3437348175049,152.9822925567627,195.34373481750492,-27.0177074432373,45.304447174072266,-15.203304290771484,0,0.7131796746156231,20,5,0,tracking,0,0.0
153,272.043000,2.004,1,1,0.012847,identity,1,,1.0,1,1,0,510.0,116.0,510.19573974609375,152.2085723876953,518.3493255615234,149.24729759216308,198.34932556152341,-30.75270240783692,45.297698974609375,-16.451526641845703,0,0.7222386620840653,20,6,0,tracking,0,0.0
154,272.109667,3.167,1,1,0.012830,identity,1,,1.0,1,1,0,513.0,115.0,513.20166015625,148.78237915039062,521.3539949035644,145.6114845275879,201.3539949035644,-34.38851547241211,45.290748596191406,-17.61608123779297,0,0.7361733543559887,20,7,0,tracking,0,0.0
155,272.176333,2.317,1,1,0.011970,identity,1,,1.0,1,1,0,516.0,115.0,516.206787109375,145.5045928955078,524.3578385162353,142.14442169189454,204.35783851623535,-37.855578308105464,45.28361892700195,-18.667617797851562,0,0.7472395355177799,20,7,0,tracking,0,0.0
156,272.243000,2.116,1,1,0.011970,identity,1,,1.0,1,1,0,519.0,115.0,519.2111206054688,142.37269592285156,527.3608618927002,138.84268501281738,207.3608618927002,-41.157314987182616,45.27634048461914,-19.61117172241211,0,0.7672512051402683,20,8,0,tracking,0,0.0
157,272.309667,2.463,1,1,0.011970,identity,1,,1.0,1,1,0,522.0,115.0,522.2147216796875,139.3839874267578,530.3631308746338,135.70268379211427,210.36313087463384,-44.29731620788573,45.26893997192383,-20.45168685913086,0,0.7864514093049233,20,9,0,tracking,0,0.0
158,272.376333,2.130,1,1,0.011970,identity,1,,1.0,1,1,0,525.0,115.0,525.2176513671875,136.53565979003906,533.36470993042,132.72073871612548,213.36470993041996,-47.27926128387452,45.261436462402344,-21.194005966186523,0,0.8029428509201273,20,9,0,tracking,0,0.0
159,272.443000,2.192,1,1,0.011918,identity,1,,1.0,1,1,0,528.0,115.0,528.219970703125,133.8247833251953,536.3656649017335,129.89306659698485,216.36566490173345,-50.10693340301515,45.25385665893555,-21.842870712280273,0,0.8182921073875318,20,10,0,tracking,0,0.0
160,272.509667,2.276,1,1,0.012843,identity,1,,1.0,1,1,0,531.0,115.0,531.2216186523438,131.24830627441406,539.3659381866455,127.21578071594239,219.3659381866455,-52.78421928405761,45.246219635009766,-22.40291976928711,0,0.8377609155125116,20,10,0,tracking,0,0.0
161,272.576333,2.020,1,1,0.012834,identity,1,,1.0,1,1,0,534.0,116.0,534.22265625,128.8675994873047,542.36559425354,124.7552410888672,222.36559425354005,-55.244758911132806,45.23854446411133,-22.846435546875,0,0.8572767378618047,20,11,0,tracking,0,0.0
162,272.643000,2.317,1,1,0.012826,identity,1,,1.0,1,1,0,537.0,117.5,537.2232055664062,126.70954895019531,545.364758605957,122.54005374908448,225.36475860595704,-57.45994625091552,45.23085021972656,-23.163862228393555,0,0.8810885096789768,20,11,0,tracking,0,0.0
163,272.709667,2.552,1,1,0.013073,identity,1,,1.0,1,1,0,540.0,119.0,540.2232055664062,124.76763916015625,548.3633736419678,120.56236148834229,228.36337364196777,-59.43763851165771,45.2231559753418,-23.362653732299805,0,0.8999292124829041,20,12,0,tracking,0,0.0
164,272.776333,3.335,1,1,0.013056,identity,1,,1.0,1,1,0,543.0,120.5,543.2227172851562,123.03533172607422,551.3615038299561,118.81432506561279,231.36150382995606,-61.18567493438721,45.21548080444336,-23.450037002563477,0,0.9158263432199121,20,12,0,tracking,0,0.0
165,272.843000,2.139,1,1,0.013056,identity,1,,1.0,1,1,0,546.0,122.5,546.2217407226562,121.53829956054688,554.3591512298584,117.32325916290283,234.3591512298584,-62.67674083709717,45.20783615112305,-23.41689109802246,0,0.9267439887209497,20,12,0,tracking,0,0.0
166,272.909667,2.721,1,1,0.013077,identity,1,,1.0,1,1,0,549.0,124.5,549.2203979492188,120.26887512207031,557.3564413452149,116.08008380889892,237.35644134521488,-63.91991619110108,45.20024108886719,-23.27106285095215,0,0.9080668255205235,20,12,0,tracking,0,0.0
167,272.976333,2.256,1,1,0.013077,identity,1,,1.0,1,1,0,552.0,126.5,552.2186889648438,119.21940612792969,560.3533755493164,115.0757816696167,240.3533755493164,-64.9242183303833,45.19270324707031,-23.0201358795166,0,0.8904242946192125,20,13,0,tracking,0,0.0
168,273.043000,2.221,1,1,0.013316,identity,1,,1.0,1,1,0,555.0,129.0,555.216552734375,118.41451263427734,563.3498955535889,114.33655723571778,243.3498955535889,-65.66344276428222,45.185237884521484,-22.65530776977539,0,0.8701799258780973,20,13,0,tracking,0,0.0
169,273.109667,3.195,1,1,0.013307,identity,1,,1.0,1,1,0,558.0,132.0,558.214111328125,117.87776184082031,566.3461254882812,113.8874158859253,246.34612548828125,-66.1125841140747,45.1778564453125,-22.168588638305664,0,0.8515276541880132,20,13,0,tracking,0,0.0
170,273.176333,2.287,1,1,0.013316,identity,1,,1.0,1,1,0,561.0,135.0,561.2113647460938,117.5994644165039,569.34206741333,113.71706462860108,249.34206741333003,-66.28293537139892,45.170570373535156,-21.56888771057129,0,0.8326035331021069,20,13,0,tracking,0,0.0
171,273.243000,2.347,1,1,0.013316,identity,1,,1.0,1,1,0,564.0,138.0,564.2083740234375,117.56999206542969,572.3377844238281,113.81433124542237,252.3377844238281,-66.18566875457763,45.16339111328125,-20.864782333374023,0,0.8150639185921323,20,13,0,tracking,0,0.0
172,273.309667,2.026,1,1,0.013594,identity,1,,1.0,1,1,0,567.0,141.5,567.205078125,117.81204986572266,575.3332161712647,114.20333839416504,255.33321617126467,-65.79666160583496,45.15632247924805,-20.048397064208984,0,0.797197992147569,20,13,0,tracking,0,0.0
173,273.376333,2.103,1,1,0.013316,identity,1,,1.0,1,1,0,570.0,145.0,570.2015991210938,118.31512451171875,578.3284860992432,114.8719529724121,258.32848609924315,-65.1280470275879,45.14937210083008,-19.12873077392578,0,0.780710032201555,20,13,0,tracking,0,0.0
174,273.443000,2.334,1,1,0.013602,identity,1,,1.0,1,1,0,573.0,148.5,573.1978759765625,119.06884002685547,581.3235352325439,115.80824443817139,261.3235352325439,-64.19175556182861,45.14255142211914,-18.11441993713379,0,0.7640007075233627,20,12,0,tracking,0,0.0
175,273.509667,3.062,1,1,0.013316,identity,1,,1.0,1,1,0,576.0,152.0,576.1940307617188,120.06291961669922,584.318486328125,117.00044460296631,264.318486328125,-62.99955539703369,45.1358642578125,-17.013750076293945,0,0.7503003839681582,20,12,0,tracking,0,0.0
176,273.576333,2.192,1,1,0.013607,identity,1,,1.0,1,1,0,579.0,155.5,579.18994140625,121.28724670410156,587.3132186889649,118.43700883865357,267.31321868896487,-61.56299116134643,45.12931823730469,-15.834654808044434,0,0.7363433299157112,20,12,0,tracking,0,0.0
177,273.643000,3.113,1,1,0.013607,identity,1,,1.0,1,1,0,582.0,159.5,582.1857299804688,122.76411437988281,590.3078550720215,120.1417650604248,270.30785507202154,-59.8582349395752,45.12291717529297,-14.568607330322266,0,0.7217345504234544,20,12,0,tracking,0,0.0
178,273.709667,2.632,1,1,0.013607,identity,1,,1.0,1,1,0,585.0,163.5,585.181396484375,124.48265075683594,593.3023961639404,122.10234243392944,273.30239616394044,-57.89765756607056,45.11666488647461,-13.2239351272583,0,0.7103683801677656,20,11,0,tracking,0,0.0
179,273.776333,2.407,1,1,0.014145,identity,1,,1.0,1,1,0,588.5,167.0,588.2091674804688,126.3999252319336,596.3319709777832,124.27147573471069,276.33197097778316,-55.72852426528931,45.126686096191406,-11.824719429016113,0,0.7015518601430968,20,11,0,tracking,0,0.0
